<Ui xmlns="http://www.blizzard.com/wow/ui/" xmlns:xsi="http://www.w3.org/2001/XMLSchema-instance" xsi:schemaLocation="http://www.blizzard.com/wow/ui/
..\FrameXML\UI.xsd">
<!--@debug@
<Include file="Core\locales.xml"/>
<Include file="Core\modules.xml"/>

<Include file="Plugins\locales.xml"/>
<Include file="Plugins\modules.xml"/>

<Include file="Options\modules.xml"/>

<Include file="Pandaria\locales.xml"/>
<Include file="Pandaria\modules.xml"/>

<Include file="Mogushan\locales.xml"/>
<Include file="Mogushan\modules.xml"/>

<Include file="HeartOfFear\locales.xml"/>
<Include file="HeartOfFear\modules.xml"/>

<Include file="EndlessSpring\locales.xml"/>
<Include file="EndlessSpring\modules.xml"/>

<Include file="ThroneOfThunder\locales.xml"/>
<Include file="ThroneOfThunder\modules.xml"/>

<Include file="SiegeOfOrgrimmar\locales.xml"/>
<Include file="SiegeOfOrgrimmar\modules.xml"/>

<Include file="Draenor\locales.xml"/>
<Include file="Draenor\modules.xml"/>

<Include file="BlackrockFoundry\locales.xml"/>
<Include file="BlackrockFoundry\modules.xml"/>

<Include file="Highmaul\locales.xml"/>
<Include file="Highmaul\modules.xml"/>
@end-debug@-->
</Ui>

